title,total_views,total_answers
How do I undo the most recent local commits in Git?,8083391,80
How do I delete a Git branch locally and remotely?,7334016,38
How do I remove a particular element from an array in JavaScript?,5920663,81
How do I find all files containing specific text on Linux?,5890525,42
How do I redirect to another webpage?,5820050,58
How do I convert a String to an int in Java?,5728355,43
How to check whether a string contains a substring in JavaScript?,5669356,3
How to create an HTML button that acts like a link?,5512319,31
How do I revert a Git repository to a previous commit?,5272259,41
How do I check out a remote Git branch?,4845042,27
How do I check if a string contains a specific word?,4515901,36
How do I declare and initialize an array in Java?,4240773,24
"How do I force ""git pull"" to overwrite local files?",4013360,42
Iterating over dictionaries using 'for' loops,4004793,10
How do I UPDATE from a SELECT in SQL Server?,3957623,33
How to check whether a checkbox is checked in jQuery?,3947508,62
"Why does my JavaScript code get a ""No 'Access-Control-Allow-Origin' header is present on the requested resource"" error when Postman does not?",3842690,44
How do I generate random integers within a specific range in Java?,3840223,65
For-each over an array in JavaScript?,3833215,33
How to horizontally center a <div>?,3800260,101
How do I change permissions for a folder and all of its subfolders and files in one step in Linux?,3724989,16
Does Python have a string 'contains' substring method?,3715961,10
How do I compare strings in Java?,3698219,23
Get selected value in dropdown list using JavaScript,3682114,22
How to split a string in Java,3633577,34
How do I check whether a file exists without exceptions?,3627851,37
How do I parse a string to a float or int?,3614481,23
Iterate through a HashMap,3559366,7
How can I get query string values in JavaScript?,3506783,73
How do I list all files of a directory?,3489589,22
How do I perform an IF...THEN in an SQL SELECT?,3454571,25
Loop through an array in JavaScript,3419630,39
Finding the index of an item given a list containing it in Python,3378287,28
How to read a file line-by-line into a list?,3309721,28
How to concatenate string variables in Bash,3292043,30
How do I push a new local branch to a remote Git repository and track it too?,3163066,13
Calling an external command in Python,3151853,60
Converting integer to string?,3145154,11
Redirect from an HTML page,3122435,26
How do I get the number of elements in a list?,3110496,7
"Setting ""checked"" for a checkbox with jQuery?",3108126,40
How to format a JavaScript date,3102583,50
Add new keys to a dictionary?,3080102,14
How to replace all occurrences of a string?,3071584,56
How do I vertically center text with CSS?,3063010,38
Regular expression to match a line that doesn't contain a word,3062310,29
Check if a given key already exists in a dictionary,3042469,16
Using global variables in a function,3007241,18
SQL Server: CASE WHEN OR THEN ELSE END => the OR is not supported,2957510,10
How to get the current time in Python,2916124,33
"Tab space instead of multiple non-breaking spaces (""nbsp"")?",2889451,34
How do I import an SQL file using the command line in MySQL?,2852399,45
What is the best comment in source code you have ever encountered?,2852387,518
How do I install pip on Windows?,2851026,35
How do I include a JavaScript file in another JavaScript file?,2829008,57
How to append something to an array?,2806537,30
Initialization of an ArrayList in one line,2803052,30
How do I get PHP errors to display?,2796493,27
How can I make a time delay in Python?,2787461,12
Determine installed PowerShell version,2778052,19
How do I clone a specific Git branch?,2749617,7
What is the difference between Python's list methods append and extend?,2745669,20
How do I undo 'git add' before commit?,2733291,32
How do I create a file and write to it in Java?,2724843,30
How can you find out which process is listening on a port on Windows?,2717847,28
How to validate an email address in JavaScript,2690317,84
Limiting floats to two decimal points,2672774,24
Get the current URL with JavaScript?,2657375,20
Add a column with a default value to an existing table in SQL Server,2655025,37
How do you get a timestamp in JavaScript?,2652942,38
Check if a directory exists in a shell script,2645063,35
Reset local repository branch to be just like remote repository HEAD,2636628,18
Get the full URL in PHP,2634578,28
How do I make a redirect in PHP?,2627034,31
RegEx match open tags except XHTML self-contained tags,2625221,34
How to substring a string in Python?,2616851,11
How to check empty/undefined/null string in JavaScript?,2609192,41
Easiest way to convert int to string in C++,2608433,27
What is the difference between 'git pull' and 'git fetch'?,2605527,41
Converting string into datetime,2602994,19
How do I rename a local Git branch?,2583435,32
How do I use 'git reset --hard HEAD' to revert to a previous commit?,2576961,2
How to return only the Date from a SQL Server DateTime datatype,2576752,40
Why can't Python parse this JSON data?,2573689,9
What is the correct JSON content type?,2563004,34
Find current directory and file's directory,2558073,13
Finding duplicate values in a SQL table,2544593,28
How do I POST JSON data with Curl from a terminal/commandline to Test Spring REST?,2543807,22
How do I check if an element is hidden in jQuery?,2492208,55
How does the Java 'for each' loop work?,2483726,26
Inserting multiple rows in a single SQL query?,2470876,4
"What is a NullPointerException, and how do I fix it?",2444274,12
"What does if __name__ == ""__main__"": do?",2432869,29
How can I determine the URL that a local Git repository was originally cloned from?,2429540,21
"How to modify existing, unpushed commit messages?",2419847,27
How to resolve merge conflicts in Git,2418738,34
How to change an element's class with JavaScript?,2411459,29
"What does ""Could not find or load main class"" mean?",2406218,45
How to align a <div> to the middle (horizontally/width) of the page,2393043,27
How do I get the current date in JavaScript?,2385206,46
How do I check if a list is empty?,2381460,28
"How do I shutdown, restart, or log off Windows via a bat file?",2374379,9
How do I tell if a regular file does not exist in Bash?,2364094,19
How can I safely create a nested directory?,2361610,25
Insert into ... values ( SELECT ... FROM ... ),2360363,23
Deleting an element from an array in PHP,2357116,37
How do I check if an array includes an object in JavaScript?,2356521,46
How do I discard unstaged changes in Git?,2340664,34
How do I sort a dictionary by value?,2338200,34
How do I copy folder with files to another folder in Unix/Linux?,2334865,3
How can I refresh a page with jQuery?,2332705,23
How do I efficiently iterate over each entry in a Java Map?,2328292,40
How do I empty an array in JavaScript?,2325142,18
How to determine if variable is 'undefined' or 'null'?,2319990,25
Open a URL in a new tab (and not a new window) using JavaScript,2306515,27
What is the JavaScript version of sleep()?,2295509,74
jQuery scroll to element,2289964,29
How to remove an element from a list by index?,2283167,19
How can I set the default value for an HTML <select> element?,2262410,22
Reading a plain text file in Java,2257557,25
"What is the difference between ""INNER JOIN"" and ""OUTER JOIN""?",2248763,24
"Which ""href"" value should I use for JavaScript links, ""#"" or ""javascript:void(0)""?",2221953,54
How do I convert from int to String?,2211782,19
Set cellpadding and cellspacing in CSS?,2210419,26
How do I lowercase a string in Python?,2208397,5
How do I auto-resize an image to fit a 'div' container?,2205879,31
PUT vs. POST in REST,2195310,33
Renaming columns in pandas,2194170,23
The Definitive C++ Book Guide and List,2191260,1
Get the value in an input text box,2191181,11
Git fetch remote branch,2174602,31
How to determine a Python variable's type?,2170147,16
"How to check for ""undefined"" in JavaScript?",2136995,16
How to concatenate text from multiple rows into a single text string in SQL server?,2132408,46
How do I iterate over the words of a string?,2120627,76
How to convert list to string,2119563,3
How to copy a folder from remote to local using scp?,2117091,11
"Error message ""Forbidden You don't have permission to access / on this server""",2113194,34
How do I get the current date and time in PHP?,2094896,36
How can I recursively find all files in current and subfolders based on wildcard matching?,2093501,14
How to remove local (untracked) files from the current Git working tree,2089881,35
Round to at most 2 decimal places (only if necessary),2082494,70
Get list of all tables in Oracle?,2078773,21
What's the simplest way to print a Java array?,2076411,32
"What does the ""yield"" keyword do?",2063325,38
Select rows from a DataFrame based on values in a column in pandas,2061882,10
How do I generate a random int number?,2061269,29
Disable/enable an input with jQuery?,2059956,17
Delete commits from a branch in Git,2056241,28
How can I delete a file from a Git repository?,2051281,18
Center a column using Twitter Bootstrap 3,2047414,33
"Set select option 'selected', by value",2041442,25
How can I know which radio button is selected via jQuery?,2041091,34
How do I remove a property from a JavaScript object?,2021126,38
How do I concatenate two lists in Python?,2019821,25
Getting random numbers in Java,2017853,2
Get current URL with jQuery?,2014654,30
How do you change the size of figures drawn with matplotlib?,2004601,15
How do I read / convert an InputStream into a String in Java?,1981698,58
How to define a two-dimensional array in Python,1975085,26
How do I exit the Vim editor?,1969742,13
I need an unordered list without any bullets,1967810,27
How do I get the value of text input field using JavaScript?,1962099,12
How do you create a remote Git branch?,1956073,18
How do I split a string on a delimiter in Bash?,1954580,33
"What is the difference between public, protected, package-private and private in Java?",1948001,25
Get selected text from a drop-down list (select box) using jQuery,1943360,31
How to symlink a file in Linux?,1939363,18
How do I install pip on macOS or OS X?,1914106,21
Undo a Git merge that hasn't been pushed yet,1913674,31
Can comments be used in JSON?,1897447,49
How can I add a key/value pair to a JavaScript object?,1895395,23
Correct way to write line to file?,1893705,12
How to get the value from the GET parameters?,1882223,56
"PowerShell says ""execution of scripts is disabled on this system.""",1864426,22
How can I create a two dimensional array in JavaScript?,1862128,43
Accessing the index in 'for' loops?,1854471,19
Parse JSON in JavaScript?,1850513,16
How do I determine whether an array contains a particular value in Java?,1841657,26
Insert results of a stored procedure into a temporary table,1841129,27
"Is Java ""pass-by-reference"" or ""pass-by-value""?",1840736,83
Find all tables containing column with specified name - MS SQL Server,1836913,24
How are parameters sent in an HTTP POST request?,1836696,8
What is the most efficient way to deep clone an object in JavaScript?,1836552,69
Convert bytes to a string?,1830585,18
How do I make the first letter of a string uppercase in JavaScript?,1828369,84
CSS Background Opacity,1826407,8
Make the cursor a hand when a user hovers over a list item,1825353,22
How to align content of a div to the bottom,1815423,25
Echo newline in Bash prints literal \n,1814846,21
jQuery AJAX submit form,1810217,17
How do I test for an empty JavaScript object?,1804914,44
How to make a div 100% height of the browser window,1800506,31
How do you format code in Visual Studio Code (VSCode),1798933,29
How to fix java.lang.UnsupportedClassVersionError: Unsupported major.minor version,1793584,48
How to check if a string contains a substring in Bash,1789953,22
How do I determine if a port is open on a Windows server?,1780410,13
How can I get the ID of an element using jQuery?,1774655,19
Selecting multiple columns in a pandas dataframe,1765034,15
How to initialize all members of an array to the same value?,1759515,21
How to get the children of the $(this) selector?,1757613,16
Is there a CSS parent selector?,1756358,31
Python's equivalent of && (logical-and) in an if-statement,1755413,11
How to make a new List in Java,1753954,24
How can I pass arguments to a batch file?,1752587,16
Adding new column to existing DataFrame in Python pandas,1748874,22
Chmod 777 to a folder and all contents,1748470,7
"CSS opacity only to background color, not the text on it?",1744698,11
How to iterate over rows in a DataFrame in Pandas?,1742826,17
Does Python have a ternary conditional operator?,1740728,21
Delete a file or folder,1738978,10
jQuery get value of select onChange,1736232,14
Compare two dates with JavaScript,1736159,36
Java string to date conversion,1735308,13
How to print without newline or space?,1730723,21
Getting the last element of a list,1730395,11
How do I loop through or enumerate a JavaScript object?,1727625,37
Uncaught ReferenceError: $ is not defined?,1724161,37
How can I reset or revert a file to a specific revision?,1723038,32
How to disable text selection highlighting,1721190,41
Checking if a key exists in a JavaScript object?,1720321,20
How do you clone a Git repository into a specific folder?,1713931,18
How can I convert a string to boolean in JavaScript?,1713595,74
Check if checkbox is checked with jQuery,1712739,21
How do I correctly clone a JavaScript object?,1706052,63
HTML text input allow only numeric input,1704354,60
"What does ""javascript:void(0)"" mean?",1700707,15
Generate random integers between 0 and 9,1700186,18
"Regular expression to check if password is ""8 characters including 1 uppercase letter, 1 special character, alphanumeric characters""",1699049,10
How do I determine the size of my array in C?,1697833,20
Change an HTML5 input's placeholder color with CSS,1695661,34
How do I get list of all tables in a database using TSQL?,1690840,19
How to make a flat list out of list of lists,1685755,44
Disable same origin policy in Chrome,1680639,30
How to sleep for five seconds in a batch file/cmd,1680526,30
How do I comment out a block of tags in XML?,1678327,6
Which equals operator (== vs ===) should be used in JavaScript comparisons?,1674317,49
Show tables in PostgreSQL,1674178,21
Stretch and scale a CSS image in the background - with CSS only,1661222,21
How to split a string into a list?,1655915,9
How do I copy to the clipboard in JavaScript?,1650416,53
How can I format numbers as currency string in JavaScript?,1648663,63
What are the -Xms and -Xmx parameters when starting JVM?,1644005,4
Creating a div element in jQuery,1643189,24
Is arr.__len__() the preferred way to get the length of an array in Python?,1641556,8
How do I copy a file in Python?,1637001,16
How to overlay one div over another div,1631615,8
What IDE to use for Python?,1630455,1
Grant **all** privileges on database,1628269,10
How to declare an array in Python?,1626037,16
Hiding the scroll bar on an HTML page,1625575,20
Determine the type of an object?,1623751,12
How can I prevent SQL injection in PHP?,1621805,28
What exactly is RESTful programming?,1621555,32
Length of a JavaScript object,1619213,37
Message 'src refspec master does not match any' when pushing commits in Git,1616215,66
Delete lines in a text file that contain a specific string,1614062,14
How to insert an item into an array at a specific index (JavaScript)?,1613901,16
How to run a PowerShell script,1612518,13
How to convert strings into integers in Python?,1608304,14
Fastest way to check if a value exist in a list,1608179,13
SQL update from one Table to another based on a ID match,1607783,22
How do I set a variable to the output of a command in Bash?,1605238,14
How to merge two dictionaries in a single expression?,1603003,41
How to get the current date/time in Java,1602697,26
How can I display a JavaScript object?,1600650,36
CSS center text (horizontally and vertically) inside a div block,1596282,23
SQL query to select dates between two dates,1588695,23
SQL SELECT WHERE field contains words,1580906,15
Create GUID / UUID in JavaScript?,1574000,52
"""Notice: Undefined variable"", ""Notice: Undefined index"", and ""Notice: Undefined offset"" using PHP",1573945,28
Is there a simple way to delete a list element by value?,1572700,22
How can I remove a trailing newline?,1572651,26
Determine whether an array contains a value,1569738,18
How can I get the user input in Java?,1568070,27
Add table row in jQuery,1565976,35
window.onload vs document.onload,1560624,8
HTTP GET request in JavaScript?,1552917,24
I ran into a merge conflict. How can I abort the merge?,1552795,12
JavaScript chop/slice/trim off last character in string,1548736,21
How do I check if string contains substring?,1543417,13
Scroll to the top of the page using JavaScript/jQuery?,1543244,38
JavaScript equivalent to printf/String.Format,1542478,45
"Is there a standard function to check for null, undefined, or blank variables in JavaScript?",1539083,30
Convert date format yyyy-mm-dd => dd-mm-yyyy,1538996,14
Understanding Python super() with __init__() methods,1538681,7
What is the maximum value for an int32?,1536706,45
Converting a string to a date in JavaScript,1533108,32
"Difference between ""git add -A"" and ""git add .""",1532505,11
Manually raising (throwing) an exception in Python,1529930,7
How to loop through a plain JavaScript object with the objects as members?,1527903,21
Java - Convert integer to string,1526238,7
How to style a checkbox using CSS,1526121,29
Python: Find in list,1524973,11
How do I update Node.js?,1520762,30
Get the source directory of a Bash script from within the script itself,1519115,62
"Text editor to open big (giant, huge, large) text files",1518891,2
How can I replace a newline (\n) using sed?,1517951,41
How do I vertically align text in a div?,1517738,29
Syntax for creating a two-dimensional array,1516315,11
How to set java_home on Windows 7?,1513747,18
View the change history of a file using Git versioning,1512754,22
How to create a file in Linux from terminal window?,1510745,17
Read a file line by line assigning the value to a variable,1510405,10
Understanding slice notation,1508930,32
How do I give text or an image a transparent background using CSS?,1508644,28
How to round a number to n decimal places in Java,1508340,30
How to access environment variable values?,1508013,9
How do I get a YouTube video thumbnail from the YouTube API?,1507551,32
Unsupported major.minor version 52.0,1505578,26
How can I read input from the console using the Scanner class in Java?,1502499,15
How can I get column names from a table in SQL Server?,1501633,17
Get list from pandas DataFrame column headers,1498703,18
How to remove focus border (outline) around text/input boxes? (Chrome),1495590,11
How to style a <select> dropdown with only CSS?,1495083,24
UnicodeEncodeError: 'ascii' codec can't encode character u'\xa0' in position 20: ordinal not in range(128),1494915,27
PHP equivalent of .NET/Java's toString(),1493546,24
How to generate a random int in C?,1488530,25
How can I do an UPDATE statement with JOIN in SQL?,1486196,16
How to parse JSON in Java,1484990,31
How do I add a class to a given element?,1484066,22
Find all files in a directory with extension .txt in Python,1483146,26
How do I append one string to another in Python?,1482646,10
Can't start Eclipse - Java was started but returned exit code=13,1476359,41
Convert char to int in C and C++,1470799,11
Convert JS object to JSON string,1467792,18
Sum a list of numbers in Python,1467365,22
Remove all whitespace in a string in Python,1466354,9
How to get the client IP address in PHP,1464556,30
Convert ArrayList<String> to String[] array,1462412,6
Converting an object to a string,1462337,33
"Is there a ""not equal"" operator in Python?",1455452,8
How do you append to a file in Python?,1454427,10
Differences between HashMap and Hashtable?,1454338,34
How to open a Bootstrap modal window using jQuery?,1454183,12
Why does comparing strings using either '==' or 'is' sometimes produce a different result?,1453803,14
How to allow only numeric (0-9) in HTML  inputbox using jQuery?,1453373,64
Replacements for switch statement in Python?,1451340,44
How to vertically align an image inside a div,1447990,35
How to apply a CSS filter to a background image,1446829,15
Validate decimal numbers in JavaScript - IsNumeric(),1444373,48
What is the best IDE for PHP?,1441300,40
How do I grep recursively?,1440925,23
jQuery disable/enable submit button,1436881,20
How do I convert a string to a number in PHP?,1436064,25
How to send a header using a HTTP request through a curl call?,1432701,9
What and where are the stack and heap?,1427225,25
NOW() function in PHP,1426965,16
LEFT JOIN vs. LEFT OUTER JOIN in SQL Server,1426293,12
Encode URL in JavaScript?,1423699,14
How can I count the occurrences of a list item?,1422685,22
How to permanently set $PATH on Linux/Unix?,1421232,22
How do you read from stdin?,1421193,21
What is the best way to iterate over a dictionary?,1419658,27
Where can I find documentation on formatting a date in JavaScript?,1419255,35
Way to create multiline comments in Python?,1419051,19
What is the best way to detect a mobile device?,1411447,51
JQuery - $ is not defined,1411361,31
Python add new item to dictionary,1410006,3
How to get a list of user accounts using the command line in MySQL?,1409499,15
Failed to load the JNI shared Library (JDK),1408709,38
How to replace innerHTML of a div using jQuery?,1407540,12
"Hide scroll bar, but while still being able to scroll",1407536,30
Adding values to a C# array,1406708,18
Create ArrayList from array,1405290,34
Close/hide the Android Soft Keyboard,1404007,94
Adding directory to PATH Environment Variable in Windows,1402161,17
How to check if an object is an array?,1397170,46
How to clone or copy a list?,1395762,14
&& (AND) and || (OR) in IF statements,1393918,9
"Get the size of the screen, current web page and browser window",1393006,16
How to download Xcode DMG or XIP file?,1392091,1
How to make HTTP POST web request,1388608,10
"How can I SELECT rows with MAX(Column value), DISTINCT by another column in SQL?",1388560,17
Why is processing a sorted array faster than processing an unsorted array?,1388380,22
Comparing two branches in Git?,1387247,1
How to convert DateTime to VarChar,1386660,22
Resize image proportionally with CSS?,1386017,18
How to check if the string is empty?,1383577,23
What is the best (and safest) way to merge a Git branch into master?,1381478,8
How does Access-Control-Allow-Origin header work?,1380574,13
Delete an element from a dictionary,1379467,15
Delete column from pandas DataFrame,1378987,13
How to vertically center a div for all browsers?,1376960,44
Extract filename and extension in Bash,1375994,37
jQuery UI DatePicker - Change Date Format,1375850,27
Vertically align text within a div,1375607,10
"How do I completely uninstall Node.js, and reinstall from beginning (Mac OS X)",1375421,22
Looping through the content of a file in Bash,1374886,12
vertical-align with Bootstrap 3,1374152,23
Squash my last X commits together using Git,1371886,31
Remove element by id,1368108,16
How can I do a line break (line continuation) in Python?,1368038,8
How do JavaScript closures work?,1367745,86
"How do I resolve ""Cannot find module"" error using Node.js?",1366398,26
"jQuery Ajax error handling, show custom exception messages",1363195,20
How do I check what version of Python is running my script?,1362567,18
How do I get the row count of a pandas DataFrame?,1361837,10
"Difference between del, remove and pop on lists",1360473,10
How to initialize an array in Java?,1357467,10
How do I redirect with JavaScript?,1357252,6
Get int value from enum in C#,1355878,27
Save plot to image file instead of displaying it using Matplotlib,1351828,19
Error: Could not find or load main class,1351560,38
Changing the image source using jQuery,1351308,14
How can I update NodeJS and NPM to the next versions?,1351183,43
How to delete a character from a string using Python,1350935,15
JavaScript check if variable exists (is defined/initialized),1349499,24
NOT IN vs NOT EXISTS,1349441,10
How to change the href for a hyperlink using jQuery,1349303,11
JavaScript post request like a form submit,1348680,29
Writing files in Node.js,1347479,17
null object in Python?,1346384,5
Writing a list to a file with Python,1345120,17
How to select a radio button by default?,1340858,5
How do I revert all local changes in Git managed project to previous state?,1339085,12
How do I make a placeholder for a 'select' box?,1338017,28
How can I select an element by name with jQuery?,1335974,14
How can I convert String to Int?,1334871,27
Adding a favicon to a static HTML page,1334803,17
How to get the data-id attribute?,1333866,12
Open link in new tab or window,1332606,4
How to change the URI (URL) for a remote Git repository?,1331669,15
Altering a column: null to not null,1330982,13
How to comment out a block of code in Python,1328744,19
Terminating a Python script,1328291,9
Remove rows with all or some NAs (missing values) in data.frame,1324703,16
How to generate a random alpha-numeric string?,1324373,40
How to check if a String is numeric in Java,1323443,39
jQuery Get Selected Option From Dropdown,1323051,28
JavaScript function in href vs. onclick,1323040,15
How to list all the files in a commit?,1321440,28
'IF' in 'SELECT' statement - choose output value based on column values,1321345,8
How to create a self-signed certificate with OpenSSL,1321296,14
JavaScript that executes after page load,1320966,22
Recommended way to embed PDF in HTML?,1320690,20
How can I reverse a list in Python?,1319311,31
"XAMPP, Apache - Error: Apache shutdown unexpectedly",1319213,45
Deleting array elements in JavaScript - delete vs splice,1319065,24
How to add a browser tab icon (favicon) for a website?,1317922,10
"Sort a Map<Key, Value> by values",1317073,51
Trigger a button click with JavaScript on the Enter key in a text box,1317018,26
MySQL error code: 1175 during UPDATE in MySQL Workbench,1313042,17
ERROR 2002 (HY000): Can't connect to local MySQL server through socket '/var/run/mysqld/mysqld.sock' (2),1311135,70
How do I parse command line arguments in Bash?,1308348,31
Transitions on the display: property,1306696,31
Creating multiline strings in JavaScript,1305799,37
Include another HTML file in a HTML file,1305010,32
How to make div not larger than its contents?,1303255,37
Removing duplicates in lists,1299210,45
How do I display an alert dialog on Android?,1298240,33
Bootstrap - Text-align class for inside a table,1297856,18
jQuery Ajax POST example with PHP,1293318,13
How to import other Python files?,1293296,19
"C# DateTime to ""YYYYMMDDHHMMSS"" format",1292890,15
Download a specific tag with Git,1292364,14
How do I create a Java string from the contents of a file?,1291935,33
Get current time and date on Android,1290543,38
Convert a string to an integer?,1289031,26
"How to fix ""Headers already sent"" error in PHP",1288777,11
Get unique values from a list in python,1288460,31
How do I return the response from an asynchronous call?,1287596,35
"Why am I getting ""Cannot Connect to Server - A network-related or instance-specific error""?",1286300,35
YYYY-MM-DD format date in shell script,1285665,13
"HTML 5: Is it <br>, <br/>, or <br />?",1285571,24
How do I write JSON data to a file?,1285418,13
"How do I get current datetime on the Windows command line, in a suitable format for using in a filename?",1284844,27
"What's the difference between INNER JOIN, LEFT JOIN, RIGHT JOIN and FULL JOIN?",1283967,3
Find (and kill) process locking port 3000 on Mac,1282213,31
Sort array of objects by string property value,1281340,41
"Python error ""ImportError: No module named""",1281291,26
How do I limit the number of rows returned by an Oracle query after ordering?,1280447,16
Fatal Error: Allowed Memory Size of 134217728 Bytes Exhausted (CodeIgniter + XML-RPC),1280013,27
How can I upload files asynchronously?,1277762,33
IndentationError: unindent does not match any outer indentation level,1276514,32
Check if a temporary table exists and delete if it exists before creating a temporary table,1276348,13
jQuery Ajax File Upload,1276191,23
How to get a list of all valid IP addresses in a local network?,1272448,3
How to randomly select an item from a list?,1272397,13
jQuery checkbox change and click event,1271913,17
Get the first element of an array,1271244,37
Get the last item in an array,1270703,44
jQuery.click() vs onClick,1269606,16
Drop data frame columns by name,1268969,19
Generate random number between two numbers in JavaScript,1260961,18
"Match the path of a URL, minus the filename extension",1259715,11
Convert int to string?,1259477,11
"How do I specify new lines on Python, when writing on files?",1256259,9
Change date format in a Java string,1254559,18
How to get the current branch name in Git?,1254468,37
Make an existing Git branch track a remote branch?,1254403,20
Kill detached screen session,1249950,11
How to insert spaces/tabs in text using HTML/CSS,1249537,17
Find object by id in an array of JavaScript objects,1248619,32
How to check a radio button with jQuery?,1248475,30
What is the difference between UNION and UNION ALL?,1245288,24
How do I format XML in Notepad++?,1243608,19
Can't connect to local MySQL server through socket '/var/mysql/mysql.sock' (38),1241025,38
Convert String to double in Java,1240607,13
How do I modify the URL without reloading the page?,1239693,18
Get class name using jQuery,1239229,17
"How to add to the PYTHONPATH in Windows, so it finds my modules/packages?",1238868,20
How to convert jsonString to JSONObject in Java,1237013,17
Change the selected value of a drop-down list with jQuery,1234293,16
How do I check in JavaScript if a value exists at a certain array index?,1233786,17
How to disable resizable property of textarea?,1233593,18
How to print a date in a regular format?,1230199,22
How do I find the length of an array?,1229582,25
How to initialize List<String> object in Java?,1228237,12
Check if element exists in jQuery,1227841,8
Remove duplicate values from JS array,1227516,54
How to get the current date and time in the terminal and set a custom command in terminal for it?,1227098,2
"Retrieve the position (X,Y) of an HTML element",1225530,26
Cast int to enum in C#,1225476,26
How do I get started with Node.js,1224810,5
Using boolean values in C,1223855,15
How do I register a DLL file on Windows 7 64-bit?,1222909,15
Convert a Unix timestamp to time in JavaScript,1222610,26
List all environment variables from command line?,1221592,9
Converting a String to DateTime,1218906,14
Python join: why is it string.join(list) instead of list.join(string)?,1218740,9
"What is a NullReferenceException, and how do I fix it?",1218591,31
Set the value of an input field,1217398,12
What is the difference between an interface and abstract class?,1217167,34
window.location.href and window.open () methods in JavaScript,1216193,6
How do I run a Java program from the command line on Windows?,1215569,12
Pure JavaScript equivalent of jQuery's $.ready() - how to call a function when the page/DOM is ready for it,1215326,10
"In Java, how do I check if a string contains a substring (ignoring case)?",1213893,6
Search text in stored procedure in SQL Server,1213455,22
How to Vertical align elements in a div?,1211962,28
"What does ""Object reference not set to an instance of an object"" mean?",1210758,14
How to remove a key from a Python dictionary?,1208892,10
Safely turning a JSON string into an object,1208506,25
Reverse a string in Python,1207793,25
Fix a Git detached head?,1205316,16
How do I check if a string is a number (float)?,1202571,31
How can I convert a std::string to int?,1201745,15
How to Delete using INNER JOIN with SQL Server?,1200258,15
Change data type of columns in Pandas,1199574,7
SQL Inner-join with 3 tables?,1198131,12
Getting the Current Working Directory in Java,1196625,20
How do I install a Python package with a .whl file?,1196059,15
Read file line by line using ifstream in C++,1194647,8
How to get the ASCII value of a character?,1194084,4
What characters can be used for up/down triangle (arrow without stem) for display in HTML?,1191530,16
Best C++ IDE or Editor for Windows,1191086,44
Converting array to list in Java,1190119,17
"What does the C++ standard state the size of int, long type to be?",1190036,24
How to install the JDK on Ubuntu Linux,1189531,30
Changing column names of a data frame,1189469,16
Remove specific characters from a string in Python,1189387,27
How to count lines in a document?,1188881,20
How to trim whitespace from a Bash variable?,1188499,42
How can I create an executable JAR with dependencies using Maven?,1188431,34
Java int to String - Integer.toString(i) vs new Integer(i).toString(),1185916,11
Getting the ID of the element that fired an event,1185332,21
"How to deal with ""java.lang.OutOfMemoryError: Java heap space"" error?",1183756,18
"What is the difference between ""px"", ""dip"", ""dp"" and ""sp""?",1182775,35
How do I pass a variable by reference?,1181569,26
How to download a file from server using SSH?,1180565,4
How to enable mod_rewrite for Apache 2.2,1180275,15
"Can't execute jar- file: ""no main manifest attribute""",1177445,35
Center image using text-align center?,1177300,23
How to change css display none or block property using Jquery?,1176315,11
Set a default parameter value for a JavaScript function,1175799,24
How to use SSH to run a shell script on a remote machine?,1175142,15
Get size of all tables in database,1174514,22
Plot two graphs in same plot in R,1174114,16
Vertically align text next to an image?,1173375,20
How do you set a default value for a MySQL Datetime column?,1173277,24
How can I merge properties of two JavaScript objects dynamically?,1172379,60
Group by in LINQ,1172094,9
Avoiding != null statements,1171022,63
Iterate through object properties,1169940,26
Check if a variable is a string in JavaScript,1167645,21
Get key by value in dictionary,1167191,33
How do I turn a C# object into a JSON string in .NET?,1166490,15
How do you assert that a certain exception is thrown in JUnit 4 tests?,1165106,33
Installing specific package versions with pip,1160578,9
How can I remove duplicate rows?,1160483,37
Git refusing to merge unrelated histories on rebase,1157269,12
How do I center text horizontally and vertically in a TextView?,1157067,64
What is the maximum length of a URL in different browsers?,1157018,16
Sleep for milliseconds,1154615,15
How do I quickly rename a MySQL database (change schema name)?,1152236,47
What does <![CDATA[]]> in XML mean?,1151241,12
How to install pip with Python 3?,1150163,21
How to sort a dataframe by multiple column(s),1149816,19
How do I connect to a MySQL Database in Python?,1148476,22
Emulate a do-while loop in Python?,1148218,13
What do &lt; and &gt; stand for?,1147496,9
How do I properly force a Git push?,1146792,8
"ssh ""permissions are too open"" error",1146279,18
How to reset AUTO_INCREMENT in MySQL?,1145404,24
Generate random string/characters in JavaScript,1145337,65
How to Sort a List<T> by a property in the object,1143624,19
How to read a large text file line by line using Java?,1143458,21
How to fetch all Git branches,1142934,28
How to directly initialize a HashMap (in a literal way)?,1141894,6
How do you clear the SQL Server transaction log?,1141236,21
How do I get a consistent byte representation of strings in C# without manually specifying an encoding?,1137883,38
How to measure actual memory usage of an application or process?,1137433,31
How do I set/unset a cookie with jQuery?,1136009,13
Generating random whole numbers in JavaScript in a specific range?,1134880,29
Convert INT to VARCHAR SQL,1134558,3
Writing a pandas DataFrame to CSV file,1134557,9
How to disable a link using only CSS?,1133055,20
How to check if a variable is set in Bash?,1132856,32
Get all unique values in a JavaScript array (remove duplicates),1130956,73
PHP random string generator,1130590,53
Host 'xxx.xx.xxx.xxx' is not allowed to connect to this MySQL server,1128688,24
How to change a string into uppercase,1128478,6
How to clone all remote branches in Git?,1128302,36
How do I detect a click outside an element?,1126440,77
How to add new elements to an array?,1126284,17
How to validate an email address using a regular expression?,1125871,73
How do I fix android.os.NetworkOnMainThreadException?,1125313,54
application/x-www-form-urlencoded or multipart/form-data?,1125218,6
ORA-12514 TNS:listener does not currently know of service requested in connect descriptor,1124472,20
Converting an integer to a string in PHP,1123688,13
How to check if a column exists in a SQL Server table?,1120574,29
How do I parse XML in Python?,1119488,14
Check if table exists in SQL Server,1118732,25
How do I manually fire HTTP POST requests with Firefox or Chrome?,1117158,12
How can I get a list of locally installed Python modules?,1115584,26
How can I pretty-print JSON in a shell script?,1114688,53
error: 'Can't connect to local MySQL server through socket '/var/run/mysqld/mysqld.sock' (2)' -- Missing /var/run/mysqld/mysqld.sock,1113988,41
How do I trim whitespace from a string?,1113730,7
Are static class variables possible in Python?,1113094,17
How to compare strings in Bash,1109370,10
Get screen dimensions in pixels,1109292,39
Removing whitespace from strings in Java,1107837,31
"How to ""comment-out"" (add comment) in a batch/cmd?",1105480,8
How to read a text file into a string variable and strip newlines?,1102259,22
How do I pass command line arguments to a Node.js program?,1101331,29
Remove files from Git commit,1101098,25
A potentially dangerous Request.Form value was detected from the client,1100514,74
"How do I remedy the ""The breakpoint will not currently be hit. No symbols have been loaded for this document."" warning?",1100207,96
Extract substring in Bash,1099512,20
What is the Python equivalent for a case/switch statement?,1099090,2
How can I develop for iPhone using a Windows development machine?,1097144,40
Change navbar color in Twitter Bootstrap,1096376,14
How do I save a String to a text file using Java?,1095576,23
Detecting an undefined object property,1091627,41
Checking whether a variable is an integer or not,1090268,42
Importing files from different folder,1089575,22
Get url parameter jquery Or How to Get Query String Values In js,1089328,33
Batch file to delete files older than N days,1088934,23
"What is the difference between a URI, a URL and a URN?",1088467,31
How do I check if a file exists in Java?,1088284,23
Round a double to 2 decimal places,1088146,13
jQuery how to find an element based on a data-attribute value?,1087868,9
How to output MySQL query results in CSV format?,1087127,30
Could not open a connection to your authentication agent,1087001,35
How do you easily horizontally center a <div> using CSS?,1086588,22
What is the difference between a process and a thread?,1086557,33
Space between two rows in a table?,1085478,25
Convert java.util.Date to String,1085054,18
How to apply CSS to iframe?,1084713,26
How do I install and use curl on Windows?,1084090,21
Adding options to a <select> using jQuery?,1083264,28
Check if inputs are empty using jQuery,1083113,17
Does Java support default parameter values?,1081669,20
How to convert byte array to string,1080941,4
"How do I provide a username and password when running ""git clone git@remote.git""?",1079769,7
User input and command line arguments,1079601,12
Changing the color of an hr element,1078833,26
jQuery - setting the selected value of a select control via its text description,1076672,19
How to remove a directory from git repository?,1076634,14
Check existence of input argument in a Bash shell script,1076135,9
How can I sort a dictionary by key?,1075544,25
"How do you set, clear, and toggle a single bit?",1075179,27
How do you disable browser Autocomplete on web form field / input tag?,1075030,66
Running JAR file on Windows,1073978,25
SOAP vs REST (differences),1072768,10
How do you auto format code in Visual Studio?,1072578,27
"""Cross origin requests are only supported for HTTP."" error when loading a local file",1071426,22
How do I return multiple values from a function?,1071102,14
Batch file to copy files from one folder to another folder,1071020,8
"PostgreSQL ""DESCRIBE TABLE""",1071001,19
api-ms-win-crt-runtime-l1-1-0.dll is missing when opening Microsoft Office file,1070463,8
Finding the average of a list,1070094,24
Java: when to use static methods,1069532,21
How to get the current time in YYYY-MM-DD HH:MI:Sec.Millisecond format in Java?,1069196,12
Git push requires username and password,1067050,22
How do I trim whitespace?,1066580,15
How to get GET (query string) variables in Express.js on Node.js?,1065813,24
"IF statement: how to leave cell blank if condition is false ("""" does not work)",1065531,14
How to drop a table if it exists in SQL Server?,1063982,13
Get selected value of a dropdown's item using jQuery,1063716,30
How do I break out of nested loops in Java?,1063110,34
"""cannot resolve symbol R"" in Android Studio",1063087,96
Create an empty list in python with certain size,1062012,14
Loop through an array of strings in Bash?,1061568,18
ValueError: invalid literal for int() with base 10: '',1058672,14
How do I concatenate strings and variables in PowerShell?,1057467,19
"<meta charset=""utf-8""> vs <meta http-equiv=""Content-Type"">",1057002,8
How do I copy an object in Java?,1056285,21
Measure time elapsed in Python?,1055076,26
Python Print String To Text File,1054673,5
"What's the difference between using ""let"" and ""var""?",1054565,32
How to convert a char to a String?,1052720,11
What is the { get; set; } syntax in C#?,1050603,16
Is there a command to list all Unix group names?,1048569,3
jQuery get specific option tag text,1048442,20
How do I strip all spaces out of a string in PHP?,1047748,4
How to create Temp table with SELECT * INTO tempTable FROM CTE Query,1047391,5
How to center absolutely positioned element in div?,1046529,32
"How to make Git ""forget"" about a file that was tracked but is now in .gitignore?",1046484,24
How to check a not-defined variable in JavaScript,1045929,14
How do you display code snippets in MS Word preserving format and syntax highlighting?,1045840,40
Is there a way to crack the password on an Excel VBA Project?,1044815,22
How to downgrade from Internet Explorer 11 to Internet Explorer 10?,1044449,3
Calculate difference between two dates (number of days)?,1044159,15
"What does <meta http-equiv=""X-UA-Compatible"" content=""IE=edge""> do?",1042931,12
Rename column SQL Server 2008,1041540,10
Lost httpd.conf file located apache,1041038,2
How can I update npm on Windows?,1040785,29
How do I replace NA values with zeros in an R dataframe?,1040405,17
How to get value of selected radio button?,1039640,26
Add days to JavaScript Date,1039289,41
Using CSS for fade-in effect on page load,1039207,3
How to get a date in YYYY-MM-DD format from a TSQL datetime field?,1036569,21
if else statement in AngularJS templates,1036168,9
Convert array to JSON,1035768,11
How to print colored text in terminal in Python?,1034466,38
How can I write to the console in PHP?,1034119,23
Show/hide 'div' using JavaScript,1034090,12
How can I check for NaN values?,1033416,15
Submit a form using jQuery,1033071,22
"How to join (merge) data frames (inner, outer, left, right)",1032572,13
"What does ""use strict"" do in JavaScript, and what is the reasoning behind it?",1032421,27
How to get current time and date in C++?,1031778,23
How to fully delete a git repository created with init?,1031098,22
Showing all errors and warnings,1030620,6
JavaScript - onClick to get the ID of the clicked button,1028781,14
"javac is not recognized as an internal or external command, operable program or batch file",1028720,6
Using node.js as a simple web server,1028239,30
How to get current formatted date dd/mm/yyyy in Javascript and append it to an input,1028196,7
What is the single most influential book every programmer should read?,1028119,214
Git pull a certain branch from GitHub,1027967,11
Why is the Android emulator so slow? How can we speed up the Android emulator?,1027391,77
How can I position my div at the bottom of its container?,1026803,22
jQuery get value of selected radio button,1026037,25
How to get an enum value from a string value in Java?,1025598,26
What's the best UML diagramming tool?,1024852,50
How to move an element into another element?,1024720,14
How do I create an Excel (.XLS and .XLSX) file in C# without installing Microsoft Office?,1023116,42
How do I make a delay in Java?,1020810,8
Sort ArrayList of custom Objects by property,1020785,25
Get all table names of a particular database by SQL query?,1020517,14
Font scaling based on width of container,1020245,32
How to create an empty file at the command line in Windows?,1019805,32
Get checkbox value in jQuery,1018985,15
How to convert UTF-8 byte[] to string?,1018521,13
"Multiple lines of input in <input type=""text"" />",1017548,6
Converting string to byte array in C#,1017304,13
How to upgrade all Python packages with pip?,1017252,53
JavaScript string newline character?,1017174,15
Send POST data using XMLHttpRequest,1016976,10
How do I use PHP to get the current year?,1016693,25
Find the version of an installed npm package,1016285,23
Getting Chrome to accept self-signed localhost certificate,1015495,42
How to get image size (height & width) using JavaScript?,1014847,26
How to get a Docker container's IP address from the host?,1014571,46
400 BAD request HTTP error code meaning?,1013911,8
Implements vs extends: When to use? What's the difference?,1013714,17
Bat file to run a .exe at the command prompt,1012915,11
JavaScript sleep/wait before continuing,1012057,1
Check if a Python list item contains a string inside another string,1011122,16
SQL select only rows with max value on a column,1009948,27
"Dealing with ""java.lang.OutOfMemoryError: PermGen space"" error",1009336,32
How can I concatenate two arrays in Java?,1009198,58
How do you remove all the options of a select box and then add one option and select it with jQuery?,1008759,23
"grep a file, but show several surrounding lines?",1008755,11
Auto increment primary key in SQL Server Management Studio 2012,1008426,9
How to get the URL of the current page in C#,1007756,9
Should I use != or <> for not equal in T-SQL?,1006889,14
Putting a simple if-then-else statement on one line,1005986,5
How to set value of input text using jQuery,1005802,7
Linux error while loading shared libraries: cannot open shared object file: No such file or directory,1005164,18
How do I check for null values in JavaScript?,1004544,17
What is the difference between String and string in C#?,1004070,63
"Opacity of background-color, but not the text",1003965,5
How is an HTTP POST request made in node.js?,1003648,19
Making a div vertically scrollable using CSS,1002261,7
Styling multi-line conditions in 'if' statements?,1001913,29
"In the shell, what does "" 2>&1 "" mean?",999926,15
How can I check whether a radio button is selected with JavaScript?,997534,26
How to wait 5 seconds with jQuery?,997352,8
When to use LinkedList over ArrayList in Java?,997101,31
Redirect all output to file,996594,10
Convert a PHP object to an associative array,995716,29
What is the result of % in Python?,995146,19
No compiler is provided in this environment. Perhaps you are running on a JRE rather than a JDK?,994739,31
How to print a number with commas as thousands separators in JavaScript,994466,46
How To Auto-Format / Indent XML/HTML in Notepad++,993557,8
Is there a way to get the source code from an APK file?,993377,21
Check/Uncheck checkbox with JavaScript (jQuery or Vanilla)?,993333,10
"How can I create a ""Please Wait, Loading..."" animation using jQuery?",993259,14
".gitignore and ""The following untracked working tree files would be overwritten by checkout""",992110,28
Git merge master into feature branch,992011,7
Homebrew install specific version of formula?,991900,24
Getting current date and time in JavaScript,991852,27
Regular Expression for alphanumeric and underscores,990231,17
What is the difference between varchar and nvarchar?,990231,18
How can I connect to Android with ADB over TCP?,990195,32
How to find if directory exists in Python,990070,11
Best way to convert string to bytes in Python 3?,989731,5
How to convert a comma separated string to an array?,989496,11
How to display Toast in Android?,989176,19
Enter key press event in JavaScript,988512,17
How to get client's IP address using JavaScript?,988383,50
Maximum call stack size exceeded error,988140,27
Download File Using Javascript/jQuery,987779,27
Python integer incrementing with ++,987270,8
How do I make a textbox that only accepts numbers?,986177,34
MySQL ERROR 1045 (28000): Access denied for user 'bill'@'localhost' (using password: YES),985963,33
"Is there a link to the ""latest"" jQuery library on Google APIs?",985570,12
How to delete a remote tag?,985550,21
No connection could be made because the target machine actively refused it?,985232,24
How to mkdir only if a dir does not already exist?,984470,14
How do I compare two string variables in an 'if' statement in Bash?,984284,12
How can I parse JSON with C#?,983581,14
How to solve java.lang.NoClassDefFoundError?,983475,23
Extracting specific columns from a data frame,983332,9
Make iframe automatically adjust height according to the contents without using scrollbar?,983170,17
Storing Objects in HTML5 localStorage,983016,28
How do I escape a single quote in SQL Server?,982883,10
How to make IPython notebook matplotlib plot inline,982473,10
How to use java.net.URLConnection to fire and handle HTTP requests,982121,11
ImportError: No module named requests,981070,26
jQuery date formatting,980119,22
What is the correct way to check for string equality in JavaScript?,979950,8
Does Python's time.time() return the local or UTC timestamp?,979937,7
Show a number to 2 decimal places,979195,21
Reverse a string in Java,978757,39
Command line for looking at specific port,978643,12
Counting the number of elements with the values of x in a vector,977755,14
Best way to convert an ArrayList to a string,977401,28
What __init__ and self do on Python?,977226,18
How to check if a file exists from inside a batch file,976664,3
How can you encode a string to Base64 in JavaScript?,976104,23
Including all the jars in a directory within the Java classpath,975734,24
How do I download a file over HTTP using Python?,975088,22
Which version of Python do I have installed?,974892,20
How can I generate an MD5 hash?,973979,33
Copying files from host to Docker container,973750,37
Best way to find if an item is in a JavaScript array?,973643,8
Close Bootstrap Modal,972732,23
How to install packages using pip according to the requirements.txt file from a local directory?,972545,10
How can I make a button redirect my page to another page?,971769,5
Cast Double to Integer in Java,970324,17
How to read all files in a folder from Java?,969220,31
How do I iterate over a range of numbers defined by variables in Bash?,968636,20
Add one row to pandas DataFrame,967971,19
File to byte[] in Java,967374,23
Remove stubborn underline from link,966460,16
How to properly ignore exceptions,966102,11
How to create a .gitignore file,966011,38
"Difference between CR LF, LF and CR line break types?",964486,9
Why are there two ways to unstage a file in Git?,963901,10
Getting git to work with a proxy server,963342,19
C++ IDE for Linux?,962940,45
Response to preflight request doesn't pass access control check,962826,20
var functionName = function() {} vs function functionName() {},961788,38
How to add an image to a JPanel?,961233,14
Difference between == and === in JavaScript,961020,2
Align image in center and middle within div,960821,33
"PHP + curl, HTTP POST sample code?",959253,11
"Creating an empty Pandas DataFrame, then filling it?",959052,5
How to make a vertical line in HTML,958469,21
How can I get the application's path in a .NET console application?,958376,26
Preview an image before it is uploaded,958136,21
Set HTTP header to UTF-8 using PHP,957836,6
How to convert Java String into byte[]?,957517,8
How do you push a tag to a remote repository using Git?,957070,8
How to read a local text file?,956145,17
Change the maximum upload file size,956119,15
Change the image source on rollover using jQuery,955992,14
"In Windows cmd, how do I prompt for user input and use the result in another command?",955575,12
jQuery: Return data after ajax call success,955314,5
"href=""tel:"" and mobile numbers",955224,5
Convert all strings in a list to int,954822,3
$(document).ready equivalent without jQuery,954748,33
String comparison in Python: is vs. ==,953848,4
How do I reformat HTML code using Sublime Text 2?,951964,15
Resolving javax.net.ssl.SSLHandshakeException: sun.security.validator.ValidatorException: PKIX path building failed Error?,950850,16
How can I get my Twitter Bootstrap buttons to right align?,950027,17
Calling the base constructor in C#,949823,10
How to merge two arrays in JavaScript and de-duplicate items,948960,73
How do I round a decimal value to 2 decimal places (for output on a page),948890,16
String formatting: % vs. .format,948851,16
How do I delete rows in a data frame?,947944,7
"Is there any way to change input type=""date"" format?",947452,13
Check if a value is an object in JavaScript,947206,39
How do I change directory (cd) in Python?,945822,14
ORA-00054: resource busy and acquire with NOWAIT specified or timeout expired,945711,14
Pythonic way to create a long multi-line string,944834,23
How can I remove a style added with .css() function?,943724,18
Define global variable in a JavaScript function,943468,11
How to list the tables in a SQLite database file that was opened with ATTACH?,942065,17
What are the possible values of the Hibernate hbm2ddl.auto configuration and what do they do,941256,13
Passing parameters to a Bash function,940425,7
How do I concatenate const/literal strings in C?,939576,17
How to change PostgreSQL user password?,939504,13
How to write a:hover in inline CSS?,939281,21
How do I query for all dates greater than a certain date in SQL Server?,938339,5
Set the table column width constant regardless of the amount of text in its cells?,938180,15
Convert form data to JavaScript object with jQuery,936507,47
How do I declare a global variable in VBA?,935697,8
How to convert integer to string in C?,932958,3
Identify if a string is a number,932613,25
How to set the text color of TextView in code?,931592,34
Is there a way to cache GitHub credentials for pushing commits?,930565,23
How to use the PI constant in C++,929162,19
How do I get the full path of the current file's directory?,928763,12
How to align checkboxes and their labels consistently cross-browsers,928001,39
What is __init__.py for?,926412,11
Concatenate item in list to strings,925587,5
What is the best way to add options to a select from as a JS object with jQuery?,925210,34
How do you check if a variable is an array in JavaScript?,924874,23
Converting unix timestamp string to readable date,924683,14
Generating a Random Number between 1 and 10 Java,924042,3
How to append text to an existing file in Java,923614,30
How to close current tab in a browser window?,922688,14
Remove leading or trailing spaces in an entire column of data,921752,6
How to make an image center (vertically & horizontally) inside a bigger div,921718,36
What are the differences between a pointer variable and a reference variable in C++?,921476,37
Convert Month Number to Month Name Function in SQL,921429,31
Environment variables for java installation,920238,14
403 Forbidden vs 401 Unauthorized HTTP responses,919544,15
"The ""right"" JSON date format",919409,14
What is the difference between float and double?,919229,11
Is there a unique Android device ID?,919053,45
Responsive font size in CSS,919027,27
What could cause java.lang.reflect.InvocationTargetException?,918034,13
Config Error: This configuration section cannot be used at this path,917408,31
How do I retrieve an HTML element's actual width and height?,917329,13
Remove a symlink to a directory,916774,9
JavaScript window resize event,916593,12
Format number to always show 2 decimal places,916386,28
Using group by on multiple columns,916309,2
How do I use $scope.$watch and $scope.$apply in AngularJS?,916250,7
MySQL - UPDATE query based on SELECT Query,915916,12
What is the preferred syntax for defining enums in JavaScript?,915538,44
How to get the position of a character in Python?,915141,8
Parse (split) a string in C++ using string delimiter (standard C++),914684,13
How do I prompt for Yes/No/Cancel input in a Linux shell script?,914344,29
How do you get centered content using Twitter Bootstrap?,913916,23
Ignoring directories in Git repos on Windows,912836,17
How to use threading in Python?,912759,20
"How to check if a string ""StartsWith"" another string?",912750,18
"How to solve ""Plugin execution not covered by lifecycle configuration"" for Spring Data Maven Builds",911968,33
HTTP GET with request body,911620,18
How can I generate a list of files with their absolute path in Linux?,911541,12
Eclipse - no Java (JRE) / (JDK) ... no virtual machine,911291,33
Correct format specifier for double in printf,911199,6
How to force cp to overwrite without confirmation,911131,15
"How to pass ""Null"" (a real surname!) to a SOAP web service in ActionScript 3?",909902,9
How to kill a process running on particular port in Linux?,909446,20
Remove the last character from string,908669,4
map function for objects (instead of arrays),908557,33
The located assembly's manifest definition does not match the assembly reference,908529,50
Uncaught SyntaxError: Unexpected token :,908146,31
Returning JSON from a PHP Script,908074,17
AsyncTask Android example,908003,20
How do I expire a PHP session after 30 minutes?,907146,13
How can I transition height: 0; to height: auto; using CSS?,905805,44
What is the optimal algorithm for the game 2048?,905549,14
How to run a function when the page is loaded?,905213,9
How to send HTTP request in java?,905002,9
Running shell command and capturing the output,904976,15
Find and restore a deleted file in a Git repository,904856,23
Static methods in Python?,904456,10
C: What is the difference between ++i and i++?,904124,21
How do you select a particular option in a SELECT element in jQuery?,903530,20
How to get the filename without the extension from a path in Python?,903320,21
Easy way to pull latest of all git submodules,903274,19
Set cookie and get cookie with JavaScript,902310,4
What does cherry-picking a commit with Git mean?,902236,9
How can I echo a newline in a batch file?,902186,18
How to insert a line break in a SQL Server VARCHAR/NVARCHAR string,902021,9
"""PKIX path building failed"" and ""unable to find valid certification path to requested target""",901902,29
How to specify the private SSH-key to use when executing shell command on Git?,901780,24
Create a branch in Git from another branch,901312,7
Hex transparency in colors,901185,10
@Media min-width & max-width,900770,4
Copy array items into another array,899451,15
How do I create an array of strings in C?,899380,14
What does enctype='multipart/form-data' mean?,899115,9
How to delete files/subfolders in a specific directory at command prompt in Windows,897814,15
How do I convert a float number to a whole number in JavaScript?,897604,14
PHP - how to create a newline character?,897478,13
"String concatenation: concat() vs ""+"" operator",896896,11
Why do I need to do `--set-upstream` all the time?,896716,20
How do I see active SQL Server connections?,896698,7
Select first row in each GROUP BY group?,896647,14
How to return dictionary keys as a list in Python?,895789,8
check / uncheck checkbox using jquery?,895710,3
